{"_runtime":9472.750540094,"train_loss":5.62796306022409,"train/loss":5.0812,"eval/runtime":6.7849,"eval/loss":5.222222328186035,"train_steps_per_second":0.377,"total_flos":6.378493914906624e+17,"train/learning_rate":1.5561780267662623e-09,"train/epoch":10,"train/grad_norm":1.577651858329773,"eval/samples_per_second":709.665,"_timestamp":1.732922507862973e+09,"_wandb":{"runtime":9512},"eval/steps_per_second":2.8,"train_runtime":9473.3332,"train_samples_per_second":96.551,"_step":749,"train/global_step":3570}