{"train/epoch":10,"train/grad_norm":0.9616895914077759,"eval/loss":6.3046875,"_timestamp":1.7330162208558075e+09,"train_loss":6.644349093264249,"_runtime":5437.887898456,"train_steps_per_second":0.355,"eval/steps_per_second":3.086,"train/global_step":1930,"train_runtime":5438.279,"train_samples_per_second":90.941,"train/learning_rate":2.878526194588371e-09,"eval/samples_per_second":730.263,"eval/runtime":3.5645,"train/loss":6.1188,"total_flos":3.448317438590976e+17,"_wandb":{"runtime":5477},"_step":405}