{"train_runtime":17139.7399,"train_loss":2.8146720016558553,"eval/samples_per_second":158.638,"train/learning_rate":2.878526194588371e-09,"train_samples_per_second":28.855,"eval/sum_loss":0.722547996044159,"_runtime":17140.577616005,"train_steps_per_second":0.113,"_timestamp":1.7330278313793633e+09,"train/grad_norm":2.769483804702759,"total_flos":3.9254928283140096e+17,"train/global_step":1930,"eval/ar_loss":2.80984628200531,"train/sum_loss":0.7152504086494446,"_wandb":{"runtime":17185},"eval/loss":3.542510986328125,"eval/runtime":16.4084,"train/ar_loss":2.4725,"train/epoch":10,"_step":405,"train/loss":2.4725,"eval/steps_per_second":0.67}