{"eval/samples_per_second":180.617,"eval/sum_loss":0.6097888022817243,"train/global_step":6100,"train/loss":2.6985,"_wandb":{"runtime":70777},"train/ar_loss":2.6985,"eval/steps_per_second":0.706,"_timestamp":1.7329112481015584e+09,"train/grad_norm":1.3325105905532837,"_runtime":70657.829457966,"train/learning_rate":4.6254613108854125e-06,"eval/runtime":271.818,"eval/ar_loss":2.1303826607958807,"train/sum_loss":0.6129587769508362,"train/epoch":1.6744441394455118,"_step":1280,"eval/loss":2.7406888008117676}