{"_step":749,"eval/steps_per_second":2.662,"_wandb":{"runtime":14200},"eval/samples_per_second":674.675,"eval/loss":2.9040799140930176,"train_samples_per_second":64.61,"_timestamp":1.7329274126483793e+09,"_runtime":14156.143688146,"train/grad_norm":1.837947130203247,"eval/runtime":7.1368,"train/loss":2.2609,"total_flos":6.378493914906624e+17,"train/global_step":3570,"train_steps_per_second":0.252,"train/learning_rate":1.5561780267662623e-09,"train/epoch":10,"train_loss":2.5110206582633054,"train_runtime":14156.593}