{"eval/runtime":2.8191,"train/grad_norm":1.694474697113037,"train/epoch":10,"_timestamp":1.7330048468085012e+09,"eval/steps_per_second":3.192,"train/learning_rate":3.3670033670033674e-09,"train/loss":2.4734,"train_samples_per_second":47.317,"train/global_step":1650,"_wandb":{"runtime":9026},"eval/loss":3.23828125,"train_loss":2.719038825757576,"train_steps_per_second":0.184,"train_runtime":8958.6591,"total_flos":2.94804340604928e+17,"_step":346,"eval/samples_per_second":791.735,"_runtime":8958.227974098}