{"_step":749,"train_runtime":23443.1709,"train/global_step":3570,"train/ar_loss":2.3712,"eval/ar_loss":2.3651529285642834,"train_steps_per_second":0.152,"train/loss":2.3712,"_wandb":{"runtime":23485},"train_samples_per_second":39.016,"train_loss":2.6037602288382393,"train/sum_loss":0.6242511510848999,"eval/steps_per_second":0.681,"train/grad_norm":2.1482951641082764,"eval/sum_loss":0.6394550270504422,"_timestamp":1.7328683724126458e+09,"eval/samples_per_second":172.479,"train/learning_rate":1.5561780267662623e-09,"eval/runtime":27.9164,"train/epoch":10,"_runtime":23442.785882119,"total_flos":1.45222895306539e+18,"eval/loss":3.0002620220184326}